id,name,category,price,create_date
1,iPhone 13,Electronics,799.99,2024-01-01T00:00:00Z
2,iPhone 13,Electronics,799.99,2024-01-01T00:00:00Z
3,iPhone 13,Electronics,799.99,2024-01-01T00:00:00Z
4,iPhone 13,Electronics,799.99,2024-01-01T00:00:00Z
5,iPhone 13,Electronics,799.99,2024-01-01T00:00:00Z
6,Nike Air Max,Shoes,129.99,2024-01-02T00:00:00Z
7,Coffee Maker,Appliances,59.99,2024-01-03T00:00:00Z
8,Python Book,Books,45.50,2024-01-15T00:00:00Z
9,Gaming Mouse,Electronics,89.99,2024-01-20T00:00:00Z
10,Smart Watch,Electronics,299.99,2024-01-25T00:00:00Z
11,Desk Lamp,Home,34.99,2024-01-30T00:00:00Z
12,Bluetooth Speaker,Electronics,79.99,2024-01-31T00:00:00Z
13,iPhone 13,Electronics,799.99,2024-01-01T00:00:00Z
14,iPhone 13,Electronics,799.99,2024-01-01T00:00:00Z
15,iPhone 13,Electronics,799.99,2024-01-01T00:00:00Z
16,iPhone 13,Electronics,799.99,2024-01-01T00:00:00Z
17,iPhone 13,Electronics,799.99,2024-01-01T00:00:00Z
18,Nike Air Max,Shoes,129.99,2024-01-02T00:00:00Z
19,Coffee Maker,Appliances,59.99,2024-01-03T00:00:00Z
20,Python Book,Books,45.50,2024-01-15T00:00:00Z
21,Gaming Mouse,Electronics,89.99,2024-01-20T00:00:00Z
22,Smart Watch,Electronics,299.99,2024-01-25T00:00:00Z
23,Desk Lamp,Home,34.99,2024-01-30T00:00:00Z
24,Bluetooth Speaker,Electronics,79.99,2024-01-31T00:00:00Z
