id,name,category,price,create_date
97,iPhone 13,Electronics,799.99,2024-01-01T00:00:00Z
98,iPhone 13,Electronics,799.99,2024-01-01T00:00:00Z
99,iPhone 13,Electronics,799.99,2024-01-01T00:00:00Z
100,iPhone 13,Electronics,799.99,2024-01-01T00:00:00Z
101,iPhone 13,Electronics,799.99,2024-01-01T00:00:00Z
102,Nike Air Max,Shoes,129.99,2024-01-02T00:00:00Z
103,Coffee Maker,Appliances,59.99,2024-01-03T00:00:00Z
104,Python Book,Books,45.50,2024-01-15T00:00:00Z
105,Gaming Mouse,Electronics,89.99,2024-01-20T00:00:00Z
106,Smart Watch,Electronics,299.99,2024-01-25T00:00:00Z
107,Desk Lamp,Home,34.99,2024-01-30T00:00:00Z
108,Bluetooth Speaker,Electronics,79.99,2024-01-31T00:00:00Z
109,iPhone 13,Electronics,799.99,2024-01-01T00:00:00Z
110,iPhone 13,Electronics,799.99,2024-01-01T00:00:00Z
111,iPhone 13,Electronics,799.99,2024-01-01T00:00:00Z
112,iPhone 13,Electronics,799.99,2024-01-01T00:00:00Z
113,iPhone 13,Electronics,799.99,2024-01-01T00:00:00Z
114,Nike Air Max,Shoes,129.99,2024-01-02T00:00:00Z
115,Coffee Maker,Appliances,59.99,2024-01-03T00:00:00Z
116,Python Book,Books,45.50,2024-01-15T00:00:00Z
117,Gaming Mouse,Electronics,89.99,2024-01-20T00:00:00Z
118,Smart Watch,Electronics,299.99,2024-01-25T00:00:00Z
119,Desk Lamp,Home,34.99,2024-01-30T00:00:00Z
120,Bluetooth Speaker,Electronics,79.99,2024-01-31T00:00:00Z
121,iPhone 13,Electronics,799.99,2024-01-01T00:00:00Z
122,iPhone 13,Electronics,799.99,2024-01-01T00:00:00Z
123,iPhone 13,Electronics,799.99,2024-01-01T00:00:00Z
124,iPhone 13,Electronics,799.99,2024-01-01T00:00:00Z
125,iPhone 13,Electronics,799.99,2024-01-01T00:00:00Z
126,Nike Air Max,Shoes,129.99,2024-01-02T00:00:00Z
127,Coffee Maker,Appliances,59.99,2024-01-03T00:00:00Z
128,Python Book,Books,45.50,2024-01-15T00:00:00Z
129,Gaming Mouse,Electronics,89.99,2024-01-20T00:00:00Z
130,Smart Watch,Electronics,299.99,2024-01-25T00:00:00Z
131,Desk Lamp,Home,34.99,2024-01-30T00:00:00Z
132,Bluetooth Speaker,Electronics,79.99,2024-01-31T00:00:00Z
